URL,Classification
https://spacenet.tn,Informatique
https://www.tunisianet.com.tn,Informatique
https://sunmedia.tn,Informatique
https://carthagoinformatique.tn,Informatique
https://www.geantdrive.tn/,Informatique
https://zoom.com.tn,Informatique
https://www.scoop.com.tn,Informatique
https://agora.tn,Informatique
https://www.mytek.tn,Informatique
https://wiki.tn,Informatique
https://www.ibs.com.tn,Informatique
https://fnac.tn,Informatique
https://www.planete-informatique.tn,Informatique
https://www.graiet.tn,Informatique
https://bestbuytunisie.tn,Informatique
https://synotec.tn,Informatique
https://smart.com.tn,Informatique
https://www.mediavision.tn,Informatique
https://unimarket.tn,Informatique
https://iminfo.tn,Informatique
https://www.alarabia.com.tn,Informatique
https://www.sws-informatique.tn,Informatique
https://talos.tn,Informatique
https://www.prologic.com.tn,Informatique
https://www.mips.com.tn,Informatique
https://tunisiatech.tn,Informatique
https://www.techdiscount.tn,Informatique
https://www.swapify.tn,Informatique
https://www.newtechnology.tn,Informatique
https://www.novatis.tn,Informatique
https://www.goldtec.tn,Informatique
https://informatica.tn,Informatique
https://www.miscentre.com.tn,Informatique
https://www.psi-informatique.tn,Informatique
https://unitech.com.tn,Informatique
https://actoria.tn,Informatique
https://shoppi.tn,Informatique
https://sws-informatique.tn,Informatique
https://jmb.com.tn,Informatique
https://ebci.com.tn,Informatique
https://toner.tn,Informatique
https://mtsplus.tn,Informatique
https://www.twenty.tn,Informatique
https://tech-store.tn,Informatique
https://lofficielshop.tn,Informatique
https://umi.com.tn,Informatique
https://www.numedia.tn,Informatique
https://mallofcapbon.tn,Informatique
https://maxprotection.tn,Informatique
https://www.alltec.tn,Informatique
https://www.wintek.com.tn,Informatique
https://jibaya.tn,Informatique
https://omeganet.tn,Informatique
https://www.domainetat.tn,Informatique
https://bias.com.tn,Informatique
https://axiom.com.tn,Informatique
https://www.horizoninformatique.tn,Informatique
https://www.imset.ens.tn,Informatique
https://www.sicad.gov.tn,Informatique
https://www.cyberinfo.tn,Informatique
https://navicom.tn,Informatique
https://www.geiser.com.tn,Informatique
https://www.cisen.com.tn,Informatique
https://assistance.ooredoo.tn,Informatique
https://jumbo.tn,Informatique
https://hexatec.com.tn,Informatique
https://www.secure-it.tn,Informatique
https://zstore.com.tn,Informatique
https://winsoftinformatique.tn,Informatique
https://etondistributionsud.tn,Informatique
https://www.bestpc.tn,Informatique
https://paraland.tn,Parapharmacie
https://paranet.tn,Parapharmacie
https://www.parashop.tn,Parapharmacie
https://parastore.tn,Parapharmacie
https://www.pharmavie.com.tn,Parapharmacie
https://www.parafendri.tn,Parapharmacie
https://pharma-shop.tn,Parapharmacie
https://www.maparatunisie.tn,Parapharmacie
https://www.parapharmacieplus.tn,Parapharmacie
https://www.coquette.tn,Parapharmacie
https://www.cosmedic.tn,Parapharmacie
https://leds.tn,Parapharmacie
https://www.parapharm.tn,Parapharmacie
https://lagrandepara.tn,Parapharmacie
https://www.paralabel.tn,Parapharmacie
https://paramasmoudi.tn,Parapharmacie
https://instant-sante.tn,Parapharmacie
https://www.cleopatre.tn,Parapharmacie
https://www.paraexpert.tn,Parapharmacie
https://lifepara.tn,Parapharmacie
https://parapharmacie.tn,Parapharmacie
https://feerie.tn,Parapharmacie
https://www.parapharmacietunisie.tn,Parapharmacie
https://laparapharmacie.tn,Parapharmacie
https://www.parapharmaciebardo.tn,Parapharmacie
https://euphoria.com.tn,Parapharmacie
https://campuspara.tn,Parapharmacie
https://anais.tn,Parapharmacie
https://bestmedical.tn,Parapharmacie
https://www.fleurdeschamps.tn,Parapharmacie
https://rosesdoctobre.tn,Parapharmacie
https://bags.tn,Parapharmacie
https://para-boutik.tn,Parapharmacie
https://fourpharma.tn,Parapharmacie
https://paraelbecha.tn,Parapharmacie
https://www.cote-para.tn,Parapharmacie
https://paramust.tn,Parapharmacie
https://mypharmacy.tn,Parapharmacie
https://www.paraclic.tn,Parapharmacie
https://oneaday.tn,Parapharmacie
https://paradiso-parapharmacie.tn,Parapharmacie
https://parabayaskincare.com.tn,Parapharmacie
https://www.parahouse.tn,Parapharmacie
https://capmedic.tn,Parapharmacie
https://curvita.tn,Parapharmacie
https://www.conect.org.tn,Parapharmacie
https://paraclic.tn,Parapharmacie
https://elalyamedical.tn,Parapharmacie
https://letriomedical.tn,Parapharmacie
https://1001para.tn,Parapharmacie
https://topara.tn,Parapharmacie
https://mallofsousse.tn,Parapharmacie
https://paraty.tn,Parapharmacie
https://www.zanimax.tn,Animal
https://animalzone.tn,Animal
https://mypets.tn,Animal
https://www.sna.com.tn,Animal
https://kitty-city.tn,Animal
https://zanimo.tn,Animal
https://petstore.tn,Animal
https://www.animalis.tn,Animal
https://whr.tn,Supermarché
https://maximarket.tn,Supermarché
https://www.tidjma.tn,Supermarché
https://www.monoprix.tn,Supermarché
https://mg.tn,Supermarché
https://www.carrefour.tn,Supermarché
https://www.qnb.com.tn,Supermarché
https://musicplus.tn,Supermarché
https://courses.monoprix.tn,Supermarché
https://ipeik.rnu.tn,Université
https://enim.rnu.tn,Université
https://issepgf.rnu.tn,Université
https://tms.rnu.tn,Université
https://ipein.rnu.tn,Université
https://isbb.rnu.tn,Université
https://isetkh.rnu.tn,Université
https://fls.rnu.tn,Université
https://isaas.rnu.tn,Université
https://iscae.rnu.tn,Université
https://escs.rnu.tn,Université
https://isbm.rnu.tn,Université
https://isajc.rnu.tn,Université
https://ipsi.rnu.tn,Université
https://isetta.rnu.tn,Université
https://isimsf.rnu.tn,Université
https://isteub.rnu.tn,Université
https://essted.rnu.tn,Université
https://isammh.rnu.tn,Université
https://utm.rnu.tn,Université
